{"status": "ok", "sim_time": 103.56200000000536, "data": {"qc_1_start": 0, "qc_2_start": 0, "armg_1_start": 0, "armg_1_end": 0, "armg_2_start": 0, "armg_3_start": 0, "armg_4_start": 0, "armg_4_end": 0, "agv_1_start": 0, "agv_3_start": 0, "agv_5_start": 0, "agv_7_start": 0, "agv_9_start": 0, "holder_481_start": 0, "holder_482_start": 0, "holder_483_start": 0, "holder_484_start": 0, "holder_485_start": 0, "holder_491_start": 0, "holder_492_start": 0, "holder_493_start": 0, "holder_494_start": 0, "holder_495_start": 0, "holder_501_start": 0, "holder_502_start": 0, "holder_503_start": 0, "holder_504_start": 0, "holder_505_start": 0, "holder_511_start": 0, "holder_512_start": 0, "holder_513_start": 0, "holder_514_start": 0, "holder_515_start": 0, "armg_2_wait": 0.0, "qc_1_wait": 0.0, "agv_1_wait": 6.6052516464896485, "agv_3_wait": 15.449251646472419, "armg_3_wait": 42.25923549863538, "holder_501_occupied": 61.967065066388486, "agv_5_wait": 14.261251646477774, "armg_2_end": 33.98235890392114, "holder_502_occupied": 36.19706506638736, "agv_7_wait": 13.979251646471269, "holder_491_occupied": 38.21464709971804, "qc_1_end": 46.13364189436139, "agv_9_wait": 12.699251646472433, "holder_492_occupied": 40.65664709972224, "holder_493_occupied": 41.638647099728786, "qc_2_wait": 60.59399999998277, "holder_494_occupied": 44.370647099706154, "armg_3_end": 67.48007510985751, "agv_1_end": 72.52999999999884, "holder_495_occupied": 45.350647099704894, "agv_3_end": 80.6239999999816, "agv_5_end": 89.56200000000536, "agv_7_end": 96.3739999999816, "qc_2_end": 96.7991014836991, "holder_481_end": 96.79999999999878, "holder_482_end": 96.79999999999878, "holder_483_end": 96.79999999999878, "holder_484_end": 96.79999999999878, "holder_485_end": 96.79999999999878, "holder_503_end": 96.79999999999878, "holder_504_end": 96.79999999999878, "holder_505_end": 96.79999999999878, "holder_511_end": 96.79999999999878, "holder_512_end": 96.79999999999878, "holder_513_end": 96.79999999999878, "holder_514_end": 96.79999999999878, "holder_515_end": 96.79999999999878, "holder_491_end": 96.81464709971654, "holder_493_end": 96.83864709972701, "holder_495_end": 96.85064709970364, "holder_492_end": 96.8566470997206, "holder_501_end": 96.86706506638666, "holder_494_end": 96.87064709970436, "holder_502_end": 96.89706506638561, "agv_9_end": 103.56200000000536}}