{"status": "ok", "sim_time": 84.6239999999816, "data": {"qc_1_start": 0, "qc_2_start": 0, "armg_1_start": 0, "armg_2_start": 0, "armg_3_start": 0, "armg_3_end": 0, "armg_4_start": 0, "armg_4_end": 0, "agv_1_start": 0, "agv_3_start": 0, "agv_5_start": 0, "agv_7_start": 0, "holder_481_start": 0, "holder_482_start": 0, "holder_483_start": 0, "holder_484_start": 0, "holder_485_start": 0, "holder_491_start": 0, "holder_492_start": 0, "holder_493_start": 0, "holder_494_start": 0, "holder_495_start": 0, "holder_501_start": 0, "holder_502_start": 0, "holder_503_start": 0, "holder_504_start": 0, "holder_505_start": 0, "holder_511_start": 0, "holder_512_start": 0, "holder_513_start": 0, "holder_514_start": 0, "holder_515_start": 0, "armg_2_wait": 0.0, "armg_2_end": 6.826358903933011, "holder_491_occupied": 10.964647099718047, "agv_7_wait": 1.5532941994468032, "qc_2_wait": 2.8806736582814256, "qc_2_end": 12.138315552653525, "agv_5_wait": 1.900631105317757, "qc_1_wait": 60.812000000005355, "armg_1_wait": 45.585294199453315, "holder_481_occupied": 47.385065066381934, "agv_5_end": 29.623999999981606, "agv_7_end": 30.155999999988126, "agv_3_wait": 33.00428899409667, "agv_3_end": 57.873999999981606, "armg_1_end": 62.48235890392114, "holder_482_occupied": 63.25900600364454, "agv_1_wait": 52.8033215563153, "agv_1_end": 83.59399999998277, "qc_1_end": 84.51710148372169, "holder_482_end": 84.55900600364338, "holder_491_end": 84.56464709971755, "holder_481_end": 84.585065066381, "holder_483_end": 84.59999999999947, "holder_484_end": 84.59999999999947, "holder_485_end": 84.59999999999947, "holder_492_end": 84.59999999999947, "holder_493_end": 84.59999999999947, "holder_494_end": 84.59999999999947, "holder_495_end": 84.59999999999947, "holder_501_end": 84.59999999999947, "holder_502_end": 84.59999999999947, "holder_503_end": 84.59999999999947, "holder_504_end": 84.59999999999947, "holder_505_end": 84.59999999999947, "holder_511_end": 84.59999999999947, "holder_512_end": 84.59999999999947, "holder_513_end": 84.59999999999947, "holder_514_end": 84.59999999999947, "holder_515_end": 84.59999999999947}}