{"status": "ok", "sim_time": 115.67064709973276, "data": {"qc_1_start": 0, "qc_2_start": 0, "armg_1_start": 0, "armg_2_start": 0, "armg_3_start": 0, "armg_4_start": 0, "agv_1_start": 0, "agv_2_start": 0, "agv_3_start": 0, "agv_4_start": 0, "agv_5_start": 0, "agv_6_start": 0, "agv_7_start": 0, "agv_8_start": 0, "agv_9_start": 0, "agv_10_start": 0, "holder_481_start": 0, "holder_482_start": 0, "holder_483_start": 0, "holder_484_start": 0, "holder_485_start": 0, "holder_491_start": 0, "holder_492_start": 0, "holder_493_start": 0, "holder_494_start": 0, "holder_495_start": 0, "holder_501_start": 0, "holder_502_start": 0, "holder_503_start": 0, "holder_504_start": 0, "holder_505_start": 0, "holder_511_start": 0, "holder_512_start": 0, "holder_513_start": 0, "holder_514_start": 0, "holder_515_start": 0, "armg_2_wait": 0.0, "armg_4_wait": 0.0, "qc_1_wait": 33.22000000003027, "agv_1_wait": 6.2932516464551895, "qc_2_wait": 16.158673658272576, "agv_6_wait": 3.453925304764553, "agv_2_wait": 15.54325164645519, "agv_7_wait": 12.949251646472419, "armg_3_wait": 43.00523549867822, "agv_3_wait": 15.105251646489648, "holder_501_occupied": 45.83506506641097, "agv_8_wait": 10.729251646471255, "armg_1_wait": 49.25523549864913, "armg_2_end": 33.88835890393837, "armg_4_end": 33.88835890393837, "holder_481_occupied": 55.89706506638728, "agv_4_wait": 17.293251646455204, "holder_502_occupied": 36.75306506640445, "agv_9_wait": 11.949251646472433, "holder_491_occupied": 39.55864709972992, "holder_482_occupied": 43.503065066404474, "holder_503_occupied": 18.253065066404453, "agv_5_wait": 14.419251646473597, "holder_492_occupied": 41.53864709972876, "agv_10_wait": 11.917251646465914, "holder_511_occupied": 52.46464709971804, "holder_483_occupied": 23.23506506641094, "holder_493_occupied": 43.27064709973531, "holder_512_occupied": 53.78864709972876, "holder_494_occupied": 44.126647099723385, "armg_3_end": 68.16607510987356, "holder_513_occupied": 57.770647099735314, "agv_1_end": 72.90600000001723, "holder_495_occupied": 46.48264709974052, "armg_1_end": 74.41607510987357, "agv_6_end": 77.21799999999348, "holder_514_occupied": 59.81464709971803, "agv_2_end": 83.71799999999348, "agv_7_end": 83.90600000001723, "holder_515_occupied": 62.23264709974052, "agv_3_end": 90.03200000000652, "agv_8_end": 95.34400000001187, "agv_4_end": 96.71799999999348, "qc_2_end": 98.39310148371098, "agv_9_end": 103.40600000001723, "agv_5_end": 103.78200000000652, "agv_10_end": 113.81200000000536, "qc_1_end": 115.57910148372704, "holder_495_end": 115.58264709973825, "holder_512_end": 115.58864709972588, "holder_481_end": 115.59706506638446, "holder_484_end": 115.5999999999977, "holder_485_end": 115.5999999999977, "holder_504_end": 115.5999999999977, "holder_505_end": 115.5999999999977, "holder_482_end": 115.60306506640201, "holder_514_end": 115.61464709971604, "holder_494_end": 115.6266470997205, "holder_515_end": 115.63264709973915, "holder_501_end": 115.63506506640829, "holder_483_end": 115.63506506640832, "holder_492_end": 115.63864709972604, "holder_502_end": 115.65306506640164, "holder_503_end": 115.6530650664019, "holder_491_end": 115.65864709972733, "holder_511_end": 115.66464709971527, "holder_493_end": 115.67064709973243, "holder_513_end": 115.67064709973276}}